Complexity,Loss,Equation
1,0.16905698,"-0.8398431"
3,0.09758009,"x7 * -0.023371683"
5,0.05855528,"(1.0216297 ^ x7) * -0.37581494"
7,0.05540843,"((x7 * -0.00025814044) * x7) - 0.47268623"
9,0.048426587,"(((x7 - x4) * x7) * -0.00039415868) - 0.58013874"
11,0.04531364,"(((x7 - x4) * x7) * -0.00039285817) - (x6 ^ -1.8486162)"
13,0.04287326,"((((x7 - x4) * -0.00029639518) * x7) - (x6 ^ -2.8799639)) * x6"
15,0.042257585,"((x7 - x4) * (((x7 - x4) * -1.0625415e-5) * x7)) - (x6 ^ -1.6787224)"
