Complexity,Loss,Equation
2,0.16905698,"f = -1.8492445; g = -0.9971998"
4,0.093787104,"f = #8 * -0.020795085; g = -1.3902367"
6,0.07223284,"f = -3.0151627; g = (#8 * -0.016223144) + -0.36208385"
8,0.05540843,"f = -1.4141977; g = -0.7158056 - ((#8 * #8) * 0.0002581413)"
10,0.04842658,"f = 1.4016556; g = -4.6420946 - (((#8 - #5) * #8) * 0.00039416735)"
12,0.045287754,"f = #6 * 0.14779909; g = -1.6575516 - (#8 * ((#8 - #5) * 0.00039323786))"
14,0.043801535,"f = #6 * 0.16962029; g = -1.7469928 - ((#8 - (#5 * 1.3561641)) * (#8 * 0.0004696089))"
16,0.04007705,"f = #6 - 2.399933; g = (#8 * ((((#5 * 3.1238707e-7) - 1.1545137e-5) * #8) * #8)) + -0.7045823"
18,0.038285427,"f = #6 - 2.3683395; g = (((#8 * ((#5 * 1.8525281e-5) - (#8 * 8.579305e-6))) + -0.011204858) * #8) + -0.6564701"
20,0.03555988,"f = -4.679257; g = (((#8 * -0.0004640493) - ((0.27930278 - (#5 * (#5 * -0.00051560585))) - (#5 * 0.024790483))) * #8) + -0.6364986"
22,0.031782605,"f = -4.827801; g = ((((#8 * -6.496269e-6) - (0.005290951 - (((#5 * #5) * -9.374701e-6) - (#5 * -0.00045459685)))) * #8) * #8) + -0.57112974"
24,0.031063415,"f = -1.7640625 - #8; g = ((((#8 * -7.446981e-6) - 0.00641699) - (((#5 * #5) * 1.1637963e-5) - (#5 * 0.000559462))) * (#8 * #8)) + -0.6047833"
