Complexity,Loss,Equation
2,0.16905698,"f = -1.4234875; g = -1.0807182"
4,0.09379203,"f = #8 * -0.020851985; g = -1.3871738"
6,0.08254564,"f = (#8 * -0.012426606) - -0.6482795; g = -2.155246"
