Complexity,Loss,Equation
2,0.16905698,"f = -1.4234875; g = -1.0807182"
4,0.09379255,"f = #8 * -0.021001065; g = -1.3890556"
